serial num,sourcePort,systemName,managementAddress,portId
Q2HY-2L5A-2Y64,port4,US-LA-STGA1-SW2,10.100.86.2,11
Q2HY-4R5K-XKRB,port4,US-SCL-AP01,10.100.49.3,b0:b8:67:c7:eb:c2
Q2HY-4R5K-XKRB,,,,
,port3,us-scl-swac0,10.100.49.2,25
Q2HY-4R5K-XKRB,,,,
,wan1,Hydrochem_Taft_Dow_test_router_2,12.163.210.30,bridge1/ether2
Q2HY-4R5K-XKRB,,,,
,port5,,,c8:5b:76:e1:42:b9
Q2HY-4WYM-BU4W,,,,
,port5,US-TX-CORP-SW2,10.100.77.2,4
Q2HY-5CAB-ATYD,,,,
,port3,US-CWY-AP01,10.100.33.31,90:4c:81:ca:69:0a
Q2HY-5CAB-ATYD,,,,
,port4,,,08:92:04:26:af:13
Q2HY-5CS3-TZ5Q,,,,
,wan0,Hydrochem_Rockdale,12.169.109.225,bridge1/ether2
Q2HY-5CS3-TZ5Q,,,,
,port2,US-TX-ROCK1-SW2,10.100.26.2,1
Q2HY-66WH-5T4M,,,,
,port5,,,38:14:28:e2:b2:78
Q2HY-66WH-5T4M,,,,
,port4,Meraki MX67C - 01708-CES-FW0 - US-CA-ELSE1,,0
Q2HY-6JZK-3GUB,,,,
,wan0,Hydrochem_PSC_-_Pueblo_West_CO_674.ATRN,65.157.77.134,bridge1/ether4
Q2HY-6JZK-3GUB,,,,
,port5,,,g24
Q2HY-6QVH-ZZ32,,,,
,port4,US-TEC-AP01,10.100.50.3,90:4c:81:ca:66:fe
Q2HY-6QVH-ZZ32,,,,
,port3,US-TEC-AP02,10.100.50.4,ac:91:a1:83:2d:e1
Q2HY-6RC4-L7UJ,,,,
,wan0,Hydrochem_Port_Lavaca,24.116.194.150,bridge1
Q2HY-6RC4-L7UJ,,,,
,port3,us-plx-swac0,10.5.18.2,1
Q2HY-6W8F-3RJM,,,,
,port2,,,08:92:04:8a:68:74
Q2HY-6W8F-3RJM,,,,
,port5,US-IL-FLOR1-AP21,,eth1
Q2HY-7424-3J54,,,,
,wan1,Hydrochem_Waterford_Works,71.168.222.29,bridge1
Q2HY-7424-3J54,,,,
,port3,US-NJ-WATE1-SW2,10.100.19.2,1
Q2HY-77C3-84SZ,,,,
,wan0,Hydrochem_Longview_cable,206.255.245.156,bridge1/ether2
Q2HY-77C3-84SZ,,,,
,port3,us-lvx-swac0,10.100.32.2,2
Q2HY-7E7K-D5DW,,,,
,wan1,Hydrochem_Monroe_MI,12.218.28.241,bridge1/ether2
Q2HY-7E7K-D5DW,,,,
,port3,switchaf95bd,,gi47
Q2HY-7F8A-BDY3,,,,
,port3,HP-2530-24G-PoEP,10.100.35.176,1
Q2HY-7K3U-R7F3,,,,
,port3,US-PCA-AP01,10.100.44.3,90:4c:81:ca:52:76
Q2HY-7K3U-R7F3,,,,
,wan0,Hydrochem_Pittsburg_CA_4G,192.168.10.2,bridge1/ether3
Q2HY-7KM5-WPKL,,,,
,port3,,,28:80:23:d7:bd:23
Q2HY-7KM5-WPKL,,,,
,wan0,Meraki MX67C - 1143-CTC-FW0,,2
Q2HY-7KZ2-CGYP,,,,
,wan0,Hydrochem_Canal_Fulton,12.236.220.46,bridge1/ether2
Q2HY-7KZ2-CGYP,,,,
,port5,US-OH-CANA1-SW29,10.5.4.29,13
Q2HY-7VG3-G2GQ,,,,
,wan1,Hydrochem_Westlake_LA_fiber,12.157.179.233,bridge1/ether2
Q2HY-7VG3-G2GQ,,,,
,port3,US-LA-WEST1-SW11.CleanHarbors.com,10.100.93.11,Gi1/0/1
Q2HY-7VG3-G2GQ,,,,
,port4,US-WLC-SWCA0,10.100.93.2,47
Q2HY-92JV-XWGT,,,,
,port3,US-SDX-AP01,10.100.41.31,b0:b8:67:c9:f5:2c
Q2HY-92JV-XWGT,,,,
,wan0,Hydrochem_Seadrift_Tx,104.243.14.202,bridge1/ether2
Q2HY-9H9K-B3G9,,,,
,wan0,Hydrochem_Tidal_Road_Fiber,207.91.139.70,bridge1/ether2
Q2HY-9H9K-B3G9,,,,
,port3,HP-2530-24G-PoEP,10.100.84.2,1
Q2HY-9H9K-B3G9,,,,
,wan1,Hydrochem_2300_Tidal_Rd,12.9.50.153,bridge1/ether2
Q2HY-9JT7-L7DL,,,,
,wan0,1357663-AtronSolutionsLLC-HydrochemYoungstown,12.230.171.217,eth 0/2
Q2HY-9JT7-L7DL,,,,
,port3,Youngstown Switch,10.5.2.10,21
Q2HY-9L5Q-4QPX,,,,
Q2HY-9L5Q-4QPX,,,,
,wan0,Hydrochem_Deer_Park,96.83.54.93,bridge1/ether2
Q2HY-9L5Q-4QPX,,,,
,port4,US-DEX-SWCA0,10.100.31.2,1
Q2HY-9N6L-SPYV,,,,
,wan0,Hydrochem_Clute_Tx,173.11.192.141,bridge1/ether2
Q2HY-9N6L-SPYV,,,,
,port3,us-fdx-swac1,10.100.78.6,1
Q2HY-9P32-ZURB,,,,
,port2,,,gi28
Q2HY-9PAK-GLE8,,,,
,wan0,Hydrochem_Mulberry_FL,45.3.202.70,bridge1/ether2
Q2HY-9PAK-GLE8,,,,
,port3,us-jfl-swac0,10.100.25.2,6
Q2HY-9PSB-STUS,,,,
,port4,US-MMI-AP01,10.5.8.3,90:4c:81:ca:bc:bc
Q2HY-9PSB-STUS,,,,
,port3,,,10:e7:c6:74:16:2e
Q2HY-9SUB-QF88,,,,
,port4,141-CHX-AP01,10.100.83.3,90:4c:81:ca:ae:74
Q2HY-9SUB-QF88,,,,
,wan0,Hydrochem_Channelview_4G,192.168.10.2,bridge1/ether2
Q2HY-9SUB-QF88,,,,
,port5,,,ac:91:a1:83:6b:46
Q2HY-BCY3-DF5Z,,,,
,wan0,Hydrochem_Billings_MT_DSL,209.181.6.173,bridge1/ether2
Q2HY-BCY3-DF5Z,,,,
,port3,us-bmt-swac0,10.20.47.4,1
Q2HY-BMC6-H2JS,,,,
,port3,us-htc-swac0,10.16.21.2,24
Q2HY-BMC6-H2JS,,,,
,wan0,Hydrochem_Hammond_IN_cable,192.168.35.254,bridge1/ether5
Q2HY-C38Q-797G,,,,
,wan1,Hydrochem_Crossville_IL,199.88.255.254,bridge1/ether2
Q2HY-C38Q-797G,,,,
,port3,switch4485bc,,gi13
Q2HY-C38Q-797G,,,,
,port4,switch4485bc,,gi10
Q2HY-E2NL-JPTS,,,,
,wan0,Hydrochem_Bakersfield_CA,12.174.79.81,bridge1/ether2
Q2HY-EMFP-DTG3,,,,
,wan0,Hydrochem_Morris_IL,50.252.113.141,bridge1/ether2
Q2HY-EMFP-DTG3,,,,
,port3,us-chi-swac0,10.100.92.2,1
Q2HY-FFNY-VAQQ,,,,
,port3,US-EKS-AP03,10.100.102.3,b0:b8:67:c9:e4:a4
Q2HY-FFNY-VAQQ,,,,
,wan0,Hydrochem_Coffeyville_cable,174.79.103.101,bridge1/ether2
Q2HY-G4V2-GERA,,,,
,port3,,,9c:7b:ef:ab:f9:c9
Q2HY-G4V2-GERA,,,,
,port2,US-ABL-AP01,10.100.103.3,f4:2e:7f:c3:5e:52
Q2HY-GDBX-8G6N,,,,
,port4,,,ac:91:a1:10:44:cf
Q2HY-GDBX-8G6N,,,,
,wan1,Hydrochem_Stickney_Toledo_OH,12.220.136.201,bridge1/ether2
Q2HY-GG4Z-78BD,,,,
,port5,SacramentoAP01,10.100.107.3,f4:2e:7f:c3:50:92
Q2HY-GG4Z-78BD,,,,
,wan0,Hydrochem_Sacramento_CA_Fiber,152.44.154.198,bridge1/ether2
Q2HY-J469-RKW9,,,,
,port4,US-AWA-AP01,10.100.40.3,90:4c:81:ca:c4:66
Q2HY-J469-RKW9,,,,
,wan0,Hydrochem_Anacortes_WA_fixed_wireless,208.74.154.203,bridge1/ether2
Q2HY-JGGD-Y6HK,,,,
,wan0,Hydrochem_Mandan_ND,24.111.88.134,bridge1/ether2
Q2HY-JGGD-Y6HK,,,,
,port5,us-mma-swac0,10.100.105.2,1
Q2HY-KUP3-LLWP,,,,
,port3,,,ec:8e:b5:a4:86:af
Q2HY-KUP3-LLWP,,,,
,port2,,,ac:91:a1:11:ab:c8
Q2HY-LSE3-7E2A,,,,
,wan1,Hydrochem_Baytown,50.224.82.126,bridge1/ether3
Q2HY-LSE3-7E2A,,,,
,wan0,No Site Name,,169.254.1.1
Q2HY-LSE3-7E2A,,,,
,port5,switchbac84d,,gi1
Q2HY-MBL9-GEVR,,,,
,wan0,Hydrochem_Harrington_DE,96.68.241.61,bridge1/ether2
Q2HY-MBL9-GEVR,,,,
,port2,us-nyc-swac0,10.100.106.2,24
Q2HY-NM4V-Y6P5,,,,
,port5,US-BTX-AP02,10.100.54.4,b0:b8:67:c9:c3:40
Q2HY-NM4V-Y6P5,,,,
,wan0,MikroTik,192.168.35.254,bridge1/ether2
Q2HY-NM4V-Y6P5,,,,
,port3,,,10:e7:c6:b9:0d:16
Q2HY-SEM6-AMRQ,,,,
,wan0,Hydrochem_Philadelphia_PA_Fios,68.238.234.110,bridge1/ether2
Q2HY-SEM6-AMRQ,,,,
,port5,us-epe-swac0,10.100.37.2,24
Q2HY-SLH5-XRVB,,,,
,port2,,,b0:0c:d1:4e:89:8d
Q2HY-SLH5-XRVB,,,,
,port5,,,b0:5a:da:b7:6e:ad
Q2MN-47RV-4NMF,,,,
,wan1,Hydrochem_Reserve_LA_cable,50.252.160.173,bridge1/ether2
Q2MN-47RV-4NMF,,,,
,port3,US-LLA-SWCA0,10.5.96.2,1
Q2MN-47RV-4NMF,,,,
,wan0,US-LLA-SWCA0,10.5.96.2,23
Q2MN-49AV-8JYC,,,,
,wan0,Hydrochem_Toledo_OH,12.26.125.198,bridge1/ether2
Q2MN-49AV-8JYC,,,,
,port1,US-TLW-SWCA0,10.15.135.2,1
Q2MN-4RPF-R7BN,,,,
,port3,,,54:bf:64:64:6c:a1
Q2MN-4RPF-R7BN,,,,
,wan0,Hydrochem_Robinson_IL_cable,192.168.35.254,bridge1/ether2
Q2MN-4RPF-R7BN,,,,
,port2,,,10:e7:c6:b6:41:62
Q2MN-6S4P-XYXA,,,,
,wan0,Hydrochem_Bensenville_Il,50.249.215.173,bridge1/ether4
Q2MN-6S4P-XYXA,,,,
,port1,US-CCO-SWCA0,10.20.53.2,1
Q2MN-6Y2S-ZNQT,,,,
,wan0,Hydrochem_Colton_CA,99.128.20.13,bridge1/ether2
Q2MN-6Y2S-ZNQT,,,,
,wan1,Hydrochem_Colton_CA_Fiber,12.25.172.121,bridge1/ether5
Q2MN-6Y2S-ZNQT,,,,
,port1,US-SCE-SWCA0,10.20.51.2,23
Q2MN-BPYE-DCJE,,,,
,wan1,Hydrochem_Tyler_TX,12.15.152.25,bridge1/ether2
Q2MN-BPYE-DCJE,,,,
,port1,SIP-T46S,,c4:5a:b1:e3:a7:04
Q2MN-BZM7-HE5A,,,,
,wan0,Hydrochem_Long_Beach,47.180.167.46,bridge1/ether2
Q2MN-BZM7-HE5A,,,,
,port1,US-LCA-SWCA0,10.20.32.2,1
Q2MN-C77R-TQ9E,,,,
,wan0,Hydrochem_Jeanerette_LA_fiber,12.237.117.233,bridge1/ether2
Q2MN-C77R-TQ9E,,,,
,port1,us-jla-swac0,10.16.23.2,1
Q2MN-EAJ4-ZGV4,,,,
,wan1,Hydrochem_Commerce_City,50.209.243.165,bridge1/ether2
Q2MN-EAJ4-ZGV4,,,,
,port1,,,gi1
Q2MN-GVSD-AYWP,,,,
,port1,044-mtvernon-swacc0,10.100.67.2,1
Q2MN-ZP67-CDFP,,,,
,wan1,Hydrochem_Baltimore_MD_cable,192.168.35.254,bridge1/ether2
Q2MN-ZP67-CDFP,,,,
,port3,us-bge-swac0,10.5.174.2,24
Q2MN-ZP9W-CSVW,,,,
,wan1,Hydrochem_Channahon,50.240.157.93,bridge1/ether2
Q2MN-ZP9W-CSVW,,,,
,port1,switch54d8bd,,gi1
Q2MN-ZQ86-AB4X,,,,
Q2MN-ZQ86-AB4X,,,,
,wan0,"79783_AtronSolutions,LLC-SanArdo",12.47.128.9,giga-eth 0/2
Q2MN-ZQ86-AB4X,,,,
,wan1,Hydrochem_San_Ardo_fiber,12.202.14.169,bridge1/ether2
Q2MN-ZQL3-HRD3,,,,
,wan1,Meraki MX64W - 01563-UGC-FW0 - US-IL-GRAN1,47.50.221.174,0
Q2MN-ZQL3-HRD3,,,,
,wan0,Meraki MX64W - 01563-UGC-FW0 - US-IL-GRAN1,47.50.221.174,1
Q2MN-ZQL3-HRD3,,,,
,port1,,,08:92:04:27:94:98
Q2MN-ZRA6-FDJD,,,,
,wan0,Hydrochem_Lafayette_LA,12.29.202.185,bridge1/ether2
Q2MN-ZRA6-FDJD,,,,
,port2,US-LFL-SWCA0,10.5.104.2,1
Q2MN-ZRCS-TG9E,,,,
Q2MN-ZRCS-TG9E,,,,
,wan1,Hydrochem_Gibson_LA,12.207.14.209,bridge1/ether2
Q2MN-ZRCS-TG9E,,,,
,port3,us-lan-swac0,10.5.138.2,1
Q2MN-ZS8A-FZVQ,,,,
,port2,,,b0:0c:d1:4f:4d:00
Q2MN-ZS8A-FZVQ,,,,
,wan0,Hydrochem_Fairfield_AL_fixed_wireless,192.168.35.254,bridge1/ether2
Q2MN-ZS8A-FZVQ,,,,
,port3,,,c0:25:a5:b2:a3:53
Q2PY-MWT4-5W6D,,,,
,port4,,,10:62:e5:e8:fc:df
Q2PY-MWT4-5W6D,,,,
,port5,,,08:92:04:8d:9e:0e
